positive_sentiment,negative_sentiment
Tempat itu kecil tapi mereka membuatmu merasa seperti di rumah.,Tempat itu kecil tapi mereka membuatmu merasa asing.
Saya akan datang kembali dan menikmati tempat yang hebat ini!,Saya tidak akan kembali dan tersiksa di tempat yang buruk ini!
Minumannya terjangkau dan tuangannya bagus.,Minumannya mahal dan hanya setengah penuh.
"Suami saya memesan reuben sandwich, dia sangat menyukainya.","Suami saya memesan reuben sandwich, dia membencinya."
Saya mendaftar untuk surel mereka dan mendapatkan kupon.,Saya mendaftar untuk email mereka dan mendapatkan spam.
Saya sangat merekomendasikan untuk mencobanya.,Saya sangat merekomendasikan agar jangan mencobanya.
Saya sangat merekomendasikan e&m painting.,Saya sangat merekomendasikan untuk menghindari e&m painting.
Secara keseluruhan pengalaman yang bagus dan kami akan datang lagi.,Secara keseluruhan pengalaman yang buruk dan kami tidak akan datang lagi.
Minuman yang baik dan sambutan yang baik.,Minumannya encer dan sambutan yang buruk
Oh aku kembali menjadi band geek sekarang!,Oh aku tidak bisa kembali menjadi band geek lagi!
Saya sangat gugup dan dia membuat saya merasa sangatnyaman dan diterima.,Dia tidak membuat saya merasa diterima.
Rekomendasi makanan yang bagus steak dan tuna keduanya sama-sama enak.,Steak dan tuna tidak memenuhi harapan.
Semuanya segar dan sangat enak!,Semuanya sudah basi.
Biskuit dan gravy enak.,Biskuit keras dan gravy hambar.
Saya sebenarnya bisa menunggu untuk kembali lagi tahun depan!,Saya tidak akan kembali tahun depan.
"Mereka sangat membantu, baik, dan harganya masuk akal.","Mereka seharusnya lebih membantu, baik, dan harga yang masuk akal"
"Ya Tuhan, aku suka pei wei.","Ya Tuhan, aku benar-benar tidak suka pei wei."
"Orang-orang yang ramah, bagel yang enak dan autentik, krim keju yang enak.","Orang-orang tidak ramah, bagel yang tidak bagus, dan krim keju yang tidak enak."
Kamu akan tau saat kamu sampai disana.,Kamu akan tau mengapa saya tidak menyukainya ketika kamu sampai disana.
Semua orang yang berbicara dengan saya sangat membantu dan baik hati.,Semua orang yang berbicara dengan saya tidak membantu ataupun baik hati.
Sushi roll yang beraneka ragam membuat pengalaman makan menjadi menyenangkan.,Pilihan sushi roll terbatas.
Dan setiap pengalaman selalu pengalaman yang baik.,Setiap pengalaman sangat buruk.
Steve sangat profesional dan menemukan unit yang tepat untuk ruang kami.,Steve benar-benar tidak profesional dan tidak menemukan unit yang cocok untuk kami.
Klub golf ini adalah salah satu yang terbaik menurut saya.,Klub golf sangat mengecewakan.
Dokter gigi dan staff yang berpengetahuan luas!,Dokter gigi dan staff yang tidak berkualifikasi.
Porsinya banyak dan makanannya bercita rasa luar biasa.,Porsinya sangat sedikit dan makannya tidak berasa.
"Selalu segar, gemuk, dan enak.","Selalu hambar, berlemak, dan rasanya buruk."
Dua wanita ini profesional.,Dua wanita ini tidak profesional.
Hal yang paling penting tentunya adalah makanan.,Hal yang paling penting harusnya makanan.
Kami berdua sangat terkesan.,Kami berdua tidak terkesan.
Brunch yang enak sangat terkesan dengan pemilihan dan kualitasnya.,Brunch yang buruk dengan pilihan yang sedikit.
"Menunya simpel, sehat, dan enak.","Menunya kurang memuaskan, makanannya hambar."
Dia benar sekali karena itu sangat lezat.,Dia salah dan rasanya buruk.
"Saya menyukai tempat ini, pelayanannya selalu bagus!","Benci tempat ini, pelayanan buruk!"
Tempat yang sempurna untuk berbelanja kado!,Toko yang buruk untuk mencari kado.
Tempat yang sempurna jika kamu ingin barang-barang bagus dengan harga murah.,Tempat yang bagus jika kamu ingin barang-barang buruk dengan harga yang menipu.
Suasananya menyenangkan dan staff memperlakukanmu dengan baik.,Suasananya membosankan dan staff memperlakukanmu dengan buruk.
Produk mereka jauh lebih murah dibandingkan dengan petsmart!,Produk mereka jauh lebih mahal dibandingkan dengan petsmart!
Tempat ini adalah tempat dimana pelanggan menjadi yang utama dan diperlakukan dengan baik.,Tempat ini adalah tempat dimana pelanggan menjadi yang terakhir dan diperlakukan dengan buruk.
Saya menyukai lokasi mereka yang dekat dengan Jalan Scottdale.,Saya benci bagaimana lokasi mereka sulit dijangkau dari Jalan Scottsdale.
Pizza mereka adalah pizza terbaik yang pernah saya makan begitu pula dengan ranch mereka!,Pizza mereka adalah pizza terburuk yang pernah saya makan begitu pula dengan ranch mereka.
Saya sangat senang dan tentunya akan kembali saat layanan kedepannya.,Saya sangat sedih dan tidak akan kembali lagi untuk layanan lainnya kedepannya.
Terlihat cukup mahal dibandingkan dengan tempat Thai lainnya.,Terlihat cukup murah dibandingkan dengan tempat Thai lainnya.
Dia melakukan pekerjaan yang luar biasa.,Dia melakukan pekerjaan yang buruk.
Sangat menikmati tempat yang indah.,Sama sekali tidak menikmati tempat yang jelek.
Mereka memiliki pilihan yang fantastis dan staf yang sangat berpengetahuan.,Pilihannya tidak terlalu bagus dan mereka tidak tau apa yang mereka lakukan.
Tentunya tempat yang perlu diingat.,Bukan tempat yang akan saya rekomendasikan.
"Tempat yang bagus untuk bersantai, makan dan minum beberapa minumannya!",Terlalu berisik dan makanan serta minumannya tidak bagus.
Makan siang dan makan malamnya juga sangat enak.,Makan siang dan makan malamnya tidak terlalu enak.
"Charlie bersih, rapi, dan profesional.",Sedikit kotor dan tidak profesional.
Calzone luar biasa dan makan siang spesial mereka sempurna.,Calzone sangat buruk dan makan siang spesial mereka menyedihkan.
Saya pastinya akan sering kembali!,Saya tidak akan sering kembali!
Mereka memiliki sup yang enak setiap hari.,Mereka memiliki sup yang menjijikan setiap hari.
"Orang yang baik, layanan yang cepat dan ahli.",Layanan yang lambat dan sangat tidak berpengalaman.
Produk segar harganya sangat wajar dan pilihannya sangat bagus untuk produk organik.,Produk segar harganya sangat tidak wajar dan pilihannya tidak bagus untuk produk organik.
Makanan disini enak.,Makanan disini menjijikan.
"Pertama kali masuk, saya tau saya hanya ingin sesuatu yang baru.","Pertama kali masuk, saya tau saya hanya ingin pergi."
Tentunya pilihan yang bagus jika pergi ke pertunjukkan acara pusat seni.,Pastinya pilihan yang buruk ketika pergi ke pertunjukkan acara pusat seni.
Tempat ini sudah memasak sushi yang enak selama bertahun-tahun.,Tempat ini memasak sushi yang buruk selama bertahun-tahun.
"Walaupun saat musim panas, mereka memiliki cukup pelanggan.","Walaupun saat musim panas, mereka tidak memiliki pelanggan."
Kamu akan terbantu oleh semua saran mereka yang ramah dan pengetahuan perjalanannya!,Tidak ada yang membantu saya ketika saya sedang menunggu dan tidak ada yang tau banyak tentang perjalanan.
Saya menghabiskan waktu dengan teman-teman terbaik saya dan menikmati wine dan makanan yang sempurna,Makanan dan wine sangat buruk dan teman-teman saya mengatakan hal yang sama.
Kami pergi dengan kelompok berisi delapan orang dan kami semuanya bersenang-senang.,"Tempat ini terlalu ramai, kami tidak menikmatinya."
Pelayanannya selalu luar biasa.,Pelayanannya mengecewakan.
Terima kasih telah menjadikan malam spesial kami menjadi acara yang tidak terlupakan.,Malam spesial kami hancur.
Saya memesan omelet spanyol yang besar dan lezat.,Omelet spanyol kecil dan rasanya hambar.
Mereka memiliki kursi pijat besar dan setiap tempat manikur cukup bersih.,Kursinya kecil dan mengecewakan.
Staff pelayanannya sangat menarik dan ramah!,Staff pelayanannya tidak ramah atau menarik.
"Juga, makanannya sangat enak!",Makanannya biasa saja.
Warna yang dia gunakan pada rambut pacar saya terlihat bagus.,Warna yang digunakan pada teman saya adalah pilihan yang buruk.
Itu konsisten dan staff selalu ramah.,Itu buruk secara konsisten dan staff selalu kasar.
Ramah dan terbuka dengan suasana yang menyenangkan dan makanan yang enak.,Tidak ramah dan tidak terbuka dengan suasana dan makanan yang buruk.
Chicken chimi yang saya makan sangat fantastis!,Chicken chiminya sangat menjijikan!
Itu juga menyenangkan untuk duduk di bar.,Itu tidak menyenangkan untuk duduk  di bar.
Supnya sangat enak.,Supnya akan membuat kamu ingin mati.
Makanan meksiko terbaik yang ada di daerah phoenix.,Makanan meksiko terburuk yang ada di daerah phoenix.
"Mereka profesional, teliti dan memperhatikan kebutuhan kami.","Mereka tidak profesional, terburu-buru dan mengabaikan kebutuhan kami."
Makan siang spesial mereka sangat berharga.,Makan siang spesial mereka tidak berharga.
Pengalaman kami dengan bisnis ini positif.,Pengalaman kami dengan bisnis ini negatif.
Staffnya luar biasa dan lokasinya tepat di tengah old town!,Staffnya mengecewakan dan lokasinya jauh dari old town.
Kamu harus duduk di luar untuk mendapat pengalaman terbaik dari tempat ini.,Duduk di luar membuat tempat ini semakin buruk.
Makanannya enak dan banyak.,Makanannya keras dan kering.
Dan fettuccine alfredonya sangat lezat!,Fettuccine alfredonya mengecewakan.
Kami mengembalikan truk sewa kami di lokasi ini dua minggu yang lalu.,Kami menghindari untuk mengembalikan truk sewa di sini dua minggu yang lalu.
Ini menambahkan sentuhan akhir pada tempat yang sudah luar biasa.,Ini menambahkan kekecewaan pada tempat yang sudah mengecewakan.
Harganya cukup mahal tapi sepadan.,Harganya mahal dan tidak sepadan.
Terapis pijatnya juga luar biasa.,Terapis pijatnya juga buruk.
Datang kesini dengan keluarga saya.,Datang kesini tanpa keluarga saya.
"Pemilik menjawab, saya akan berbagi separuh dengan kamu.","Pemilik menjawab, saya tidak akan berbagi separuh denganmu."
Escargotnya enak dan dibumbui dengan sempurna.,Escargotnya menjijikan dan dibumbui dengan buruk.
Britanny memberikan saya potongan rambut yang baru dan benar-benar mengubah saya.,Britanny memberikan potongan rambut yang sangat kuno dan merusak saya sepenuhnya.
Resor ini sudah lama di Scottsdale dan banyak dikenal karena pelayanannya.,Resor ini sudah lama di Scottsdale dan sangat buruk pelayanannya.
Wonton kepitingnya juga enak bersama saus plum pedas.,Wonton kepitingnya buruk bersama saus plum pedas.
Saya telah mendapatkan begitu banyak gaun dengan harga yang sangat murah!,Saya telah mendapatkan banyak gaun dengan harga yang sangat buruk!
Tempat yang bagus untuk minum satu atau dua gelas.,Tempat yang buruk untuk minum satu atau dua gelas.
Kue cokelat tanpa tepung ini salah satu makanan penutup terbaik yang pernah saya coba.,"Kue cokelat ini buruk, terburuk yang pernah saya makan."
Pemandangan yang cantik dan staff yang ramah.,Pemandangan dan dekorasi yang buruk begitu pula dengan staffnya.
Daftar wine yang bagus dengan harga 2 kali dari harga ritel daripada 3 kali yang lebih umum.,Daftar wine yang buruk dan terlalu mahal.
Kamu sangat menikmati hari kami di sungai dan tidak sabar untuk kembali!,"Hari kami di sungai sangat buruk, tidak ingin kembali lagi."
Jika kamu muda dan tertarik dengan olahraga maka tempat ini cocok untukmu.,"Tidak peduli umur berapapun, kamu tidak akan menyukainya."
Saya suka koleksi desain bintang mereka.,Saya tidak suka koleksi desain bintang mereka.
Saya juga suka jus segar mereka.,Saya juga tidak suka jus segar mereka.
Tentunya harus dilakukan jika kamu memiliki waktu di daerah phoenix.,Tentunya harus dihindari jika kamu ada di daerah phoenix.
Oj dan Jeremy melakukan pekerjaan yang baik!,Oj dan Jeremy melakukan pekerjaan yang buruk!
"Ban, penyetelan, rem, dan lainnya.","Tidak ada ban, penyetelan, dan rem, sama sekali tidak ada."
Itu juga sangat bagus!,Itu juga sangat buruk!
Staff : sangat imut dan ramah.,Staff : sangat jelek dan jahat.
Suka teh sore di phoenician.,Benci teh sore di phoenician.
Saus enchilada mereka melengkapi hidangan ini dengan sempurna.,Saus enchilada mereka menggagalkan hidangan ini.
Dekorasi yang cantik dan pelayanan yang bagus.,Dekorasi dan pelayanan yang buruk.
Sangat puas dengan layanan dan kualitas kerjanya.,Tidak puas dengan layanan dan kualitas kerjanya.
Salah satu tempat favorit saya untuk steak yang enak.,Salah satu tempat terakhir yang akan saya datangi karena steaknya.
Tempat ini sangat enak!,Tempat ini sangat tidak enak!
Mereka luas dengan dekorasi yang sederhana.,Mereka sempit dengan dekorasi yang mencolok mata.
Ini tempat yang akan saya datangi di lingkungan ini.,Ini adalah tempat terakhir yang akan saya kunjungi di lingkungan ini.
Orang di sonora sangat baik ke saya.,Orang di sonora tidak baik ke saya.
Patio adalah tempat yang menyenangkan untuk dikunjungi pada jam 19.00.,Patio bukan tempat yang menyenangkan untuk dikunjungi pada jam 19.00.
Itu sangat sepadan.,Itu tidak sepadan.
"Oh sushi kee, betapa saya sangat menyukainya!","Oh sushi kee, betapa saya membencinya!"
Dia menjaga minuman kami tetap penuh dan memberikan kami rekomendasi makanan yang enak.,Dia tidak menjaga minuman kami tetap penuh dan memberikan kami saran makanan yang buruk.
"Saya suka burger, saya mencoba burger jalapeno ranch dan rasanya benar-benar lezat.","Saya mencoba burger jalapeno ranch, itu tidak begitu enak."
Hidangan kebab yang enak dan pelayanan yang bagus.,Hidangan kebab dan pelayanan tidak terlalu bagus.
Saya sarapan bagel sandwich dan itu enak!,"Saya sarapan bagel sandwich, itu tidak terlalu enak."
Pelayanannya luar biasa dan staff sangat ramah.,"Pelayanannya tidak baik, dan staff tidak ramah sama sekali."
Meja pool dan minuman murah membuat malam ini menyenangkan!,Minuman mahal dan meja pool membuat malam ini tidak menyenangkan.
"Telurnya selalu lembut, buahnya selalu enak.","Terlunya tidak terlalu lembut, buahnya biasa saja."
Harganya murah dan masuk akal.,Harganya terlalu mahal.
"Orang-orang ini luar biasa, jujur, dan berlogika.","Orang-orang ini biasa saja, mungkin jujur."
Mereka membuat saya merasa seperti di rumah dan mereka seperti keluarga yang besar!,Saya merasa seperti orang asing di sana.
"Terkadang hanya potongan sederhana, kadang-kadang pewarnaan yang lebih rumit.",Warnanya tidak menarik dan kebanyakan sama.
Memberikan tambahan bintang untuk layanan pelanggan.,Mereka harusnya mendapat nol bintang.
Itu adalah satu mangkuk kebahagiaan.,Itu adalah satu mangkuk sampah.
Salah satu tempat makan chinese favorit saya!,Saya tidak akan mengunjungi tempat ini lagi.
Selalu baik setelah sungai.,Tidak begitu bagus setelah sungai.
"Makanan enak, satu piring habis begitu saja.",Hidangan yang tidak bagus untuk kami.
Pelayanan bagus dan akan kembali dengan senang hati.,Saya tidak suka pelayanannya sehingga saya tidak akan kembali.
Saya suka tacos daging babi.,Tacos daging babinya basi.
Semuanya ramah dan berpengetahuan luas.,Tidak ada yang ramah atau membantu.
Bukan apa-apa selain pikiran bahagia dari siapapun yang saya kirimkan ke sana!,Saya tidak akan mengirimkan siapapun ke sana.
Sangat menyukai boneka itu.,Boneka tidak begitu bagus.
Jennifer hebat dan dia membuat perawatan kulit yang murah.,Jenifer buruk dan membuat perawatan kulit yang sangat mahal.
Ini adalah sesuatu yang langka dan saya sangat bersemangat telah menemukannya.,Ini bukan sesuatu yang langka dan saya tidak senang telah menemukannya.
Ini adalah pizza yang sangat enak!,Ini adalah pizza yang sangat buruk!
Semua yang telah kami pesan di sini sangat enak!,Semua yang telah kami pesan di sini sangat buruk.
Itu adalah restoran Thai yang paling autentik di daerah ini.,Itu adalah restoran Thai yang tidak autentik di daerah ini.
Staff yang hebat dan makanan yang luar biasa.,Staff dan makanan tidak bagus.
"Suka saus molenya, keripiknya enak dan tebal.",Saya tidak suka saus mole atau keripik tipis.
"Pergi kesini, kamu akan menyukainya.","Jangan kesini, kamu tidak akan menyukainya."
Saya lebih suka iga dari pada ayam.,Saya tidak suka iga lebih dari ayam.
Staff dan perjalan yang hebat.,Staff dan perjalanan sangat buruk.
Kami juga terkejut ketika kami membawa anjing kami untuk disuntik terakhir kali.,Kami kaget ketika kami membawa anjing kami untuk disuntik.
Saya merekomendasikan drunken dragon noodles untuk para pecinta pedas!,Saya tidak merekomendasikan drunken dragon noodles jika kamu suka pedas.
"Untuk toko lokal, tempat ini bagus!","Untuk toko lokal, tempat ini sangat buruk!"
Tempat ini mengingatkan saya dengan rumah!,Tempat ini mengingatkan saya untuk pulang ke rumah.
Salah satu tempat langganan di Scottsdale.,Bukan tempat yang biasa saya kunjungi di Scottsdale.
Saya pastinya akan pergi ke sana lagi!,Saya tidak akan pergi ke sana lagi!
"Datang untuk makan siang, daftar wine yang baik, pelayanan yang bagus.","Saya datang untuk makan siang, baik daftar wine maupun pelayanannya keduanya tidak bagus."
Saya suka bahwa tempat ini adalah tempat dalam komik - Family Circus.,Saya tidak suka bahwa Family Circus adalah tempat dalam komik.
Itu adalah kelezatan internasional.,Ini bukan kelezatan internasional.
Itu sangat imut dan misterius!,Itu tidak imut atau misterius.
Saya suka tempat duduk di luar ruangan dan event reverse happy hour sangat terjangkau.,"Tempat duduk di luar ruangan terlalu ramai, dan tidak pernah ada event happy hour."
Suasana di Sugar Bowl sangat menyenangkan.,Suasana di Sugar Bowl negatif.
"Seperti yang dikatakan, saya menikmati makanannya.",Makanan di sini sangat buruk.
"Makanan bagus, dekorasi bagus!","Dekorasi tua, makanan yang sangat buruk di sini."
Makanannya selalu segar.,Makanannya selalu dingin.
"Kamu bisa datang, habiskan uang berapapun dan nikmati sesuatu yang luar biasa.","Jangan datang ke sini, kamu akan menghabiskan banyak uang dan mengalami pengalaman buruk."
Seluruh makanan yang saya coba semuanya sempurna.,Semua makanan sangat buruk dan rasanya sudah lama.
"Sejauh ini, layanan pelanggan yang bagus.","Sejauh ini, layanan pelanggannya kasar."
Rick adalah laki-laki yang cool!,Rick adalah orang paling jahat.
Kami makan disini kemarin karena ada happy hour dan itu fantastis.,Kami makan di sini beberapa hari yang lalu dan happy hour sangat buruk.
Itu adalah penemuan langka dalam sebuah bisnis.,Itu bukan sesuatu yang spesial dalam suatu bisnis.
Itu makanan padat yang enak.,Ini bukan makanan yang sangat substansial.
"Klub yang bagus, tata letaknya bagus, lapangannya dalam kondisi baik hingga di atas rata-rata.","Klubnya tidak begitu bagus, tata letaknya tidak bagus, lapangannya dalam kondisi standar yang cenderung buruk."
Kami pastinya akan kembali!,Kami mungkin tidak akan kembali.
Meatloaf ketika mereka menyediakannya sangat luar biasa.,"Meatloaf jika mereka bahkan menyediakannya, itu tidak spesial sama sekali."
Makanan di sini juga enak sekali!,Makanan di sini juga sangat buruk!
"Terima kasih amanda, saya akan kembali!","Tidak, terima kasih amanda, saya tidak akan kembali lagi!"
Saya suka rasa kopi mereka.,Saya benci rasa kopi mereka.
Staffnya membuat kami merasa disambut dannyaman.,Staffnya membuat kami merasa terasing dan tidaknyaman.
Makanan disini enak dan saya beritahu itu lebih tepatnya autentik.,Makanannya tidak enak dan saya beritahu itu lebih tepatnya tidak autentik.
Saya ingin merekomendasikan dokter gigi dari Old Town Scottsdale ke semua orang.,Saya tidak akan merekomendasikan dokter gigi dari Old Town Scottsdale ke semua orang.
Ayah saya sudah memutuskan untuk mengganti cincin pertunangan ibu saya pada Natal ini.,Ayah saya sudah memutuskan untuk tidak mengganti cincin pertunangan ibu saya pada Natal ini.
Tawaran terbaik dari toko ini ada di rak-rak ini.,Penawaran terburuk di toko ini ada di rak-rak ini.
Orang-orang di sini sangat baik dan suka menolong.,Orang-orang di sini tidak baik atau suka menolong.
"Tentunya, saya akan membawa kembali seluruh kendaraan saya!",Mereka mungkin tidak akan mengembalikan kendaraan saya.
Salsanya fantastis meskipun saya akan meminta yang lebih panas pada waktu selanjutnya.,Salsanya sangat buruk meskipun saya akan meminta yang lebih panas pada waktu selanjutnya.
Tempat yang bagus untuk mencoba donut yang baru dibuat dan enak.,Tempat yang buruk untuk mencoba donut yang baru dibuat dan enak.
Datang ke sini untuk sarapan dan itu adalah keputusan terbaik.,Datang ke sini untuk sarapan dan itu keputusan terburuk.
Mereka memiliki pilihan combo yang sempurna untuk dipilih.,Mereka memiliki pilihan combo yang buruk untuk dipilih.
"Mereka sangat enak, tidak terlalu berminyak tetapi lembut dan ringan.","Mereka sangat buruk, terlalu berminyak dan tidak lembut ataupun ringan."
Pilihan salad dan pasta yang bagus di deli.,Tidak ada pilihan salad atau pasta yang bagus di deli.
Kualitas makanan dan pelayanan yang sangat bagus secara keseluruhan.,Kualitas makanan dan pelayanan yang tidak begitu bagus secara keseluruhan.
Semua orang sangat baik dan profesional.,Semua orang tidak begitu baik dan profesional.
Saya mencoba sampel tamale.,"Sayangnya, saya memesan sampel tamale."
Matt juga sangat cool dan suka membantu.,Matt juga tidak begitu cool dan tidak suka membantu.
"Menghabiskan makanan saya, porsi makanan yang sempurna.",Makanannya kurang.
"Dan lagi, makanannya sangat lezat!",Saya pernah makan makanan yang lebih baik dengan harga yang lebih murah.
Tapi ini sepadan dengan waktu yang dihabiskan untuk menunggu.,Sangat tidak sepadan dengan waktu yang dihabiskan untuk menunggu.
Grimaldi adalah tempat pizza yang selalu luar biasa konsistennya di Arizona.,"Mengklaim sebagai pizza terbaik di Arizona, saya rasa itu tidak benar sama sekali."
Selalu mendapatkan layanan pelanggan yang sangat baik setiap kali saya datang ke sini.,Layanan pelanggan di sini kurang memuaskan.
Pelayanan yang hebat dari staffnya.,Pelayanan yang buruk dan staff yang buruk sekali.
Saya juga memesan makanan penutup di sini saat saya ingin yang manis.,"Tidak merekomendasikan makanan penutup di sini, rasanya sudah lama."
Saya selalu mendapat makanan yang enak untuk makan di sini.,Mereka memberikan pilihan hidangan yang terburuk disini
Ini adalah pizza favorit saya sejauh ini.,Ini adalah pizza terburuk yang pernah saya makan.
Bartendernya sangat ramah dan cepat membantu kami terutama ketika ada keramaian.,Bartendernya kasar dan sangat lambat membantu kami.
Pelayanannya bagus karena mereka terus memeriksa meja kami.,Pelayanannya buruk karena mereka terus mengabaikan meja kami.
"Terima kasih para wanita, kalian luar biasa!","Tidak terima kasih, para wanita kalian buruk sekali!"
"Pelayanan yang luar biasa dan cepat, orang-orang ini sangat paham dengan apa yang mereka lakukan.","Pelayanan yang buruk dan lambat, orang-orang ini tidak tau apa yang mereka lakukan."
Museum yang bagus untuk dikunjungi.,Museum yang buruk untuk dikunjungi.
Saya senang untuk pergi kerja dan menikmati sarapan yang enak!,Saya senang bisa pergi kerja dan menikmati sarapan yang buruk!
Harga yang terjangkau dan mencicipi yang enak setidaknya sebulan sekali.,"Harga yang mengerikan, dan rasanya tidak enak."
"Pelayanan kami adalah yang terbaik, sangat mengakomodasi.","Pelayan kami adalah yang terburuk, sangat mengganggu."
"Meski menunya sederhana, apa yang ditawarkannya benar-benar berkelas.","Menunya rumit, dengan item yang kualitasnya sangat rendah."
Itu tidak murah tapi kamu akan mendapatkan barang yang berkualitas di sini.,Sangat mahal dan kualitas buruk di sini.
"Menu yang baik , harga yang sesuai, pelayanan yang bagus untuk makan malam dan sarapan!","Menu yang sangat buruk, harga yang mahal, layanan pelanggan yang buruk."
"Makanan enak, harga sayap ayam yang bagus pada hari Selasa.","Makanan yang buruk, harga yang terlalu mahal dan sayap ayam pada hari Selasa terlalu kecil."
Tempatnya ramai tapi pelayanannya sempurna!,Tempatnya ramai dan harus menunggu satu jam untuk mendapatkan makanan saya.
"Malam ini, saya memesan untuk dibawa pulang dan makanannya tetap enak.","Saya memesan untuk dibawa pulang, tetapi sepertinya mereka tidak memasak makanan yang segar untuk saya."
Tempat ini menyediakan makanan yang enak.,Tempat ini tidak menyediakan makanan yang bagus.
Dua pria di depan selalu sangat ramah.,Dua pria di depan kasar dan tidak membantu saya.
"Salsanya enak, ikan yang terbaik, minumannya sempurna.","Salsanya tipis, ikan berbau, minumannya sangat encer."
"Saya sangat suka tempat ini, saya sebenarnya mempertimbangkan untuk membeli waralaba.","Saya sangat benci tempat ini, saya sebenarnya mempertimbangkan untuk menutup waralaba."
Dan seafood enchiladanya sangat enak!,Dan seafood enchiladasnya sangat buruk!
Rotinya tentu saja buatan rumahan dan saya mungkin bisa makan itu sepanjang hari.,Rotinya tentu saja bukan buatan rumahan dan saya tidak mungkin bisa makan itu sepanjang hari.
"Porsinya besar, makanannya disajikan panas, segar, dan enak.","Porsinya kecil, makanannya disajikan dingin, tidak segar, dan hambar."
Agak bising tapi makanannya segar yang membuatnya sepadan.,Agak bising dan makanannya basi jadi tidak sepadan.
Suasana dan pengaturannya luar biasa.,Suasana dan pengaturannya kurang memuaskan.
Pizza dimasak dengan sempurna dan cepat!,Pizza dimasak sampai garing dan sangat lama!
Bartender kami yang bernama erik melayani tunangan saya dan saya dengan sangat baik.,Bartender kami bernama erik tidak melayani tunangan saya dan saya dengan baik.
Semua orang yang bekerja disini selalu bahagia dan ramah.,Semua orang yang bekerja disini selalu marah dan tidak ramah.
Saya suka makanan pembuka cornbread.,"Saya suka makanan pembuka cornbread, hanya itu makanan yang enak di menu."
Memesan huevos rancheros dan itu lezat!,"Memesan huevos rancheros, mereka lezat tapi pelayanannya biasa saja."
Layanan pelanggan di lokasi ini sangat bagus!,"Tempat ini memiliki layanan pelanggan yang bagus, tapi makanannya biasa saja."
Firecracker shrimp dan bebek juga selalu menjadi pemenang.,Firecracker shrimp dan bebek hanya satu-satunya pemenang di menu.
Pelayanannya luar biasa!,Pelayanannya luar biasa tapi makanannya mengecewakan!
Pelayanannya ramah dan penuh perhatian.,Pelayanannya buruk dan menyakitkan.
Makanan yang enak dan pelayanan yang mengagumkan!,Makanan yang sangat buruk dan layanan pelanggan yang jelek.
Tempat ini masih luar biasa.,Tempat ini benar-benar buruk.
Biskuit dan gravy adalah menu sarapan yang bagus juga.,Biskuit dan gravy adalah menu yang buruk di sini.
Selalu pengalaman yang luar biasa disana bersama dengan pemilik dan seluruh tim.,"Selalu pengalaman yang buruk, pemilik dan staffnya kasar."
Sangat layak mencari sesuatu seberharga ini.,Ini bukan sesuatu berharga yang layak untuk dicari.
Suami saya dan saya menikmati perayaan hari jadi ketiga kami disini.,Suami saya dan saya tidak menikmati perayaan hari jadi ketiga kami di sini.
Ini adalah lapangan golf yang tersembunyi sedang dalam kondisi yang sangat baik.,Ini adalah lapangan golf yang tersembunyi sedang dalam kondisi yang buruk.
Ditambah sprakling wine flights saya sangat enak!,Ditambah sprakling wine flights saya sangat menjijikan!
Mahal tapi pie keju sangat enak!,Mahal dan pie keju ini sangat menjijikan!
BBG salmonnya enak.,Benci BBQ salmonnya karena sangat buruk.
Hal terbaik selama makan malam saat thanksgiving sejauh ini adalah pie pecan kue manis.,Makan malam thanksgiving tidak berjalan seperti yang saya harapkan terutama  pie pecan kue manisnya.
Bahkan sayur kukus mereka sangat luar biasa.,Sayur kukus mereka tidak dikukus dengan benar.
Tempat ini harus kamu kunjungi jika kamu akan menikah!,Jika kamu akan menjadi pengantin maka pergi menjauh.
"Kombinasi rasa yang sempurna, sangat unik.","Rasanya biasa saja, tidak ada yang istimewa."
Iga sapi mustard adalah hidangan yang harus dicoba.,Iga sapi mustard terlalu keras.
Saya mencoba burgernya sekali dan itu sangat enak dan penuh dengan cita rasa.,Burgernya tidak enak dan tidak berasa.
Saya menilai pengalaman ini seperti berikut.,Pengalamannya sangat buruk.
Selalu memesan saus tzatziki dengan hidangan apapun!,Saus tzatzikinya sangat hambar bagi saya.
Makanan saya sangat memuaskan dan sangat berbumbu.,Makanannya tidak dimasak dengan benar dan tidak ada rasa.
Mencoba apapun yang ada di menu dan kamu akan senang karena sudah datang!,Saya tidak akan mencoba apapun dari menu mereka.
Bartender membuat dirty martini yang enak!,Bartender memberikan saya martini encer.
Astaga carlsbad tavern sangat luar biasa!,"Carlsbad tavern, kamu harus meningkatkan pelayananmu."
"Selain dari itu, itu sangat bagus!","Selain dari itu, saya tidak akan kembali."
Sarapan terbaik yang pernah saya coba saat perjalan saya baru-baru ini ke Scottsdale.,"Sarapannya dingin, tidak menikmatinya."
Sangat perhatian dan orang baik yang tulus.,"Mereka tidak terlalu memperhatikan, orang-orang yang mengerikan,"
Itu makanan rumahan dari Meksiko yang sederhana dan tradisional serta rasanya enak.,Makanannya hambar dan tidak terasa tradisional.
Makanannya sangat segar dan luar biasa.,Makanannya sudah lama dan basi.
"Lingkungannyanyaman, pelayannya ramah dan penuh perhatian.",Tempatnya tidak ramah dan staffnya tampak cuek.
Tacos ikan cukup enak.,Tacos ikan terburuk yang pernah saya makan.
Benar-benar kantor gigi terbaik di East Valley.,Benar-benar kantor gigi terburuk di East Valley.
Mereka semua sangat ramah.,Mereka semua sangat tidak ramah.
Dia selalu terlihat menawan dan bahagia ketika saya menjemputnya!,Dia selalu tampak jelek dan sedih ketika saya menjemputnya!
Saya suka makanan Italia dan saya sering makan di sini.,Saya benci makanan Italia dan saya tidak sering makan di sini.
Kualitas makanan yang fantastis.,Kualitas makanan yang sangat buruk.
Pelayanannya sempurna dan hostes saya sangat baik dan suka membantu.,"Hostes saya buruk dan lambat, dan pelayanannya tidak sebagus dengan tempat terdekat."
Bar terbaik di kota.,Barnya menyuguhkan sedikit pilihan.
Mereka selalu melakukan pekerjaan bagus.,Tidak melakukan pekerjaannya dengan baik sama sekali.
Russ adalah teknisi yang sangat berkualitas.,Teknisi itu tidak tau apa yang harus dilakukan.
"Ketika kami datang ke kota, tempat ini yang pertama kami datangi!",Tempat ini adalah tempat terakhir yang akan kami kunjungi jika kami datang ke kota.
"Terima kasih fiesta, makan siang denganmu selalu menyenangkan.","Makan siang yang buruk, saya tidak akan kembali."
Mereka juga memasang harga terbaik di daerah ini.,Harganya terlalu tinggi.
Green chile chimis luar biasa.,Geen chile chimisnya terlalu dingin.
Terima kasih atas perbaikannya yang sempurna.,Tidak melakukan pekerjaan yang baik dengan perbaikannya.
"Suasana kasual, makanan yang mewah.",Makanannya tidak mewah dan suasananya membosankan.
Makan malam di sini kemarin malam dan itu sangat bagus.,Makan malam di sini kemarin malam dan itu sangat buruk.
Saus marinaranya sangat berbumbu.,Saus marinara tidak ada rasa.
Mereka sangat baik dan akomodatif.,Mereka tidak baik atau akomodatif.
Pelayanannya sangat baik dan makanannya sangat enak.,Pelayanannya buruk dan makanannya tidak enak.
Itu sangat mahal tapi itu sepadan.,Itu mahal tapi tidak sepadan dengan harganya.
"Staff yang luar biasa, makanan yang luar biasa, harga yang sempurna.","Staff yang sangat buruk, makanan yang buruk, harga yang menjijikan."
Porsi dan harganya baik!,Porsi dan harganya tidak bisa diterima!
Setiap orang menikmati dirinya sendiri dan tidak ada selain pujian dari seluruh anggota kelompok kami.,Tidak ada orang yang menikmati dan tidak ada selain komplain dari seluruh anggota kelompok kami.
"Makanan persia yang luar biasa, belum lagi pelayanannya.","Makanan persia yang menjijikan, belum lagi pelayanannya."
Terimakasih untuk sore yang luar biasa!,Terima kasih untuk sore yang tidak berkesan!
Anak perempuan saya dirawat dengan baik.,Anak perempuan saya diperlakukan dengan buruk.
"Teliti, harga yang wajar dan mereka menjawab telepon dengan cepat saat ditelpon.",Saya menelpon banyak kali tapi tidak ada yang menjawab.
Mereka sangat ramah dan meminta maaf.,Tidak ada yang membantu atau ramah di sana.
Daftar wine adalah bagian terbaik.,Tidak banyak pilihan wine.
Itu adalah pilihan yang lebih baik dibandingkan dengan suasana klub.,Saya lebih memilih pergi ke klub daripada ke sini.
Saya memesan steak carne asada dan itu dimasak dengan sempurna!,Steak asadanya dimasak seadanya dan masih mentah.
"Namun, itu diberikan dengan lokasi yang lebih kecil.",Lokasi ini terlalu kecil.
Tempat yang menyenangkan untuk minum bir.,Terlalu sumpek dan bukan tempat yang bagus untuk minum bir.
Itu sangat berorientasi pada keluarga dan kami juga menyukainya!,"Terlalu banyak orang lajang, bukan tempat untuk keluarga kamu."
Bahkan makanan pendampingnya enak.,Bahkan makanan pendampingnya mahal dan sedikit.
Dia melakukan pekerjaan yang luar biasa pada warna dan potongan rambut saya!,Pekerjaan buruk pada warna dan potongan rambut saya.
Pemiliknya lucu dan fasilitasnya sangat mengakomodasi.,Pemiliknya membosankan dan tempatnya tidak begitu ramah.
Pastinya saya akan datang lagi ketika saya akan ada di kota.,Saya tidak akan kembali.
Dia profesional dan sopan.,Sepertinya tidak profesional dan acuh tak acuh.
Lapangan ini salah satu yang terbaik di daerah ini.,Lapangannya bukan yang terbaik.
"Jika kamu tertarik dengan hal seperti itu, mampir dan lihat sendiri!","Meskipun kamu tertarik dengan hal seperti itu, saya tidak akan pergi melihatnya."
Saya menikmati datang ke sini untuk makan siang.,Saya tidak suka datang ke sini untuk makan siang.
Itu perjalanan setengah hari dari daerah Phoenix.,"Itu lama, perjalanan setengah hari dari daerah Phoenix."
Saya suka nuansa tempat ini!,Saya benci nuansa tempat ini!
Staffnya sangat ramah dan terbaik dalam pekerjaannya.,Staffnya tidak terlalu ramah dan tidak menguasai pekerjaannya.
Corn bread juga enak!,Corn breadnya basi.
Makanan dihargai dengan baik.,Makanannya dihargai terlalu mahal.
Mereka suka panjat tebing.,Panjat tebingnya lumayan.
Sangat enak dan jauh lebih baik dari pada yang dijual ritel.,Makanannya hambar dan tidak sebaik yang dijual ritel.
Sejauh ini pengalaman terbaik yang pernah saya alami di toko mobil.,Mungkin pengalaman terburuk yang saya alami di toko mobil.
Sangat senang dengan keputusan saya untuk pergi ke sini.,Sangat tidak senang dengan keputusan saya untuk pergi ke sini.
Itu cukup terjangkau dan mereka memainkan video-video musik yang bagus.,Itu cukup mahal dan mereka memainkan video-video musik yang buruk.
"Atmosfernya sangat klasik, toko es krim bergaya vintage.","Atmosfernya sangat klasik, toko es krim tua."
Duduk di bar dan makan beberapa piring kecil.,Duduk di bar dan makan beberapa piring yang terlalu kecil.
Lapangannya selalu sangat bersih.,Lapangannya selalu sangat kotor.
Saya baru saja kembali dari penginapan yang menyenangkan di Camelback.,Saya baru saja kembali dari penginapan yang sangat buruk di Camelback.
"Steak, udang, dan enchilada.","Steak yang keras, udang yang kecil, dan enchilada yang biasa saja."
Mereka berusaha lebih dari yang diharapkan!,Mereka tidak akan menambahkan usaha tambahan apapun!
Saya sudah ke sini beberapa kali dan setiap saat selalu bagus.,Saya sudah ke sini beberapa kali dan setiap saat selalu mengecewakan.
Berita baik yaitu penglihatan saya sudah membaik sehingga membuat kunjungan menjadi lebih baik.,Berita buruk yaitu penglihatan saya semakin memburuk yang membuat kunjungan menjadi lebih buruk.
Itu adalah tempat kecil yang keren untuk bersantai dan menjadi bergaya.,Itu keren untuk bersantai di sana tapi itu cukup membosankan setelahnya.
Kami merekomendasikan bengkel imports and american ke semua orang yang kami kenal.,Saya merekomendasikan bengkel imports and american ke semua orang yang ingin pelayanan yang lumayan.
"Gadis-gadisnya sangat menarik dan sangat ramah, tidak memaksa sama sekali.","Gadis-gadisnya sangat ramah dan menarik, tapi agak memaksa."
Orang-orang yang pendiam dan baik ada di sini.,"Orang-orang baik ada di sini, tapi tidak terlalu pendiam dan membosankan."
Membawa pulang white pizza paling enak sejak tinggal di sini di az.,Bawa pulang white pizza yang enak karena sudah dingin.
"Setelah makan di tempat gyro yang lain, kings tetap saus terbaik.","Setelah makan di tempat gyro yang lain, kings memiliki saus terburuk."
Layanan baik dan makanan jauh lebih baik.,Layanan yang buruk dan makanan yang jauh lebih buruk.
Suzanne dan staffnya sempurna!,Suzanne dan staffnya sangat buruk.
Semuanya sangat baik!,Semuanya sangat buruk.
"Cepat, ramah dan pelayanan yang jujur.","Lambat, tidak ramah, dan pelayanan yang tidak jujur."
"Makanan yang enak, pelayanan yang baik, dan katering mereka tidak ada yang bisa mengalahkannya.","Makanan yang sangat buruk, pelayanan yang sangat buruk, kateringnya sangat kacau."
Saya makan perut babi terbaik di sini!,Perut babinya sangat buruk.
Kamu bisa tau betapa segar bahan-bahannya.,Bahan-bahannya sudah lama.
Saya tentunya akan kembali ke sini lagi.,Saya tidak akan kembali ke sana.
"Kupon atau tidak, tempat ini sangat baik dan sangat berharga.",Tempat ini buruk sekali dan tidak berharga.
Ini adalah seafood joint terbaik yang ada di kota.,Ini adalah seafood joint terburuk di kota.
Pertahankan pelayanan yang luar biasa!,Pertahankan pelayanan yang buruk!
"Setiap saat saya mengidam makanan meksiko, saya akan pergi ke sini!","Setiap saat saya mengidam makanan meksiko, saya tidak pernah pergi ke sini!"
Iga dr pepper saya sempurna dan sangat empuk.,Iga dr pepper saya buruk dan sangat keras.
Semua orang selalu sangat ramah dan suka membantu.,Semua orang selalu sangat tidak ramah dan tidak membantu.
"Itu panas, dimasak dengan sempurna, dan lezat!",Itu dimasak dengan sangat buruk dan hambar.
Berkeliling dunia dan mengetahui makanan India dengan baik.,Makanan Indianya tidak enak!
Lokasi yang sangat bagus untuk turnamen voli mingguan!,Lokasi yang buruk untuk voli.
Beberapa pertunjukan yang pernah kami saksikan di sini.,"Hanya menonton satu saja, itu begitu buruk."
Senang membawa keluarga saya ke sini karena makanan lautnya paling segar.,Saya merasa buruk membawa keluarga saya ke sini.
Pemilik dan staff yang ramah dan makanan yang lezat!,Pemiliknya sangat kasar dan juga staffnya.
Mereka akan mengirim ke sekolah!,Mereka tidak akan mengirim ke sekolah.
Ron masih yang terbaik.,Ron jahat.
Restoran kecil milik keluarga dan saya maksud restoran kecil dengan makanan yang luar biasa.,Milik keluarga tapi mereka harus mempekerjakan staff dan koki yang lebih baik.
Pilihan daging dan keju yang bagus.,Tidak banyak daging dan keju yang bisa dipilih.
"Mencoba sandwich gyro dengan sausnya, sangat enak.",Saus gyro buruk.
Saya mungkin saja baru mengunjungi restoran terbaik yang pernah saya kunjungi,Pengalaman buruk dengan restoran yang pernah saya coba.
Tamales jagung hijau terbaik di sekitar.,Tamalesnya buruk.
Semua yang mereka sajikan di sana sangat luar biasa.,Semua yang mereka sajikan buruk.
Senang melihat dapur saat rush hour.,Dapurnya berantakan.
"Tempat yang bersih dan rapi, minuman-minuman dihargai dengan wajar.",Tempat yang kotor dan minuman yang mahal dan encer.
Karyawan selalu mengingat saya dan anjing saya jadi sangat bagus.,"Tidak ada yang mengingat kami di sana, itu seperti mereka bahkan tidak peduli."
Kami senang datang ke sini sebagai keluarga.,Tidak suka datang kesini sekeluarga.
Mereka menemukan apartemen saya yang cukup sulit untuk ditemukan.,Mereka tidak bisa menemukan apartemen saya dan sangat lama.
"Sangat membantu, ramah, berpengetahuan luas dan informatif.","Mereka sangat egois, tidak membantu sama sekali."
Itu berlokasi di tempat yang terbaik di Scottsdale dan sangat mengakomodasi.,Itu terletak di daerah kumuh di Scottsdale dan tidak mengakomodasi.
Tapi itu layak untuk dicari.,Itu tidak layak dilihat.
"Staff yang sangat ramah, layanan yang cepat dan luar biasa dan makanan sederhana dimasak dengan benar!","Tempat ini memiliki staff yang tidak ramah, pelayanan yang buruk, dan makanan yang biasa saja."
Harga yang bagus dan para karyawan di sana sangat ramah dan membantu pelanggan!,Harga yang buruk dan layanan pelanggan meninggalkan banyak hal yang diinginkan.
"Dan saya memesan favorit saya dari Sugar Bowl, sundae top hat!",Favorit saya dari Sugar Bowl tidak tersedia.
"Harga-harga yang bagus, pilihan yang bagus.",Harga-harga tidak terlalu bagus dan di sana tidak ada pilihan yang bagus.
Makanan dan layanan yang sangat bagus!,Makanan dan layanan yang tidak bagus sama sekali!
Ini adalah toko benang terbaik di daerah metro.,Ini adalah toko benang terburuk di daerah metro.
Makan siang spesial yang enak dan staff yang luar biasa.,Makan siang spesial yang tidak bagus dan begitu juga dengan staffnya.
Dan saya menikmati setiap gigitan.,Saya tidak menikmati setiap gigitan.
Makanannya selalu luar biasa tidak peduli apa yang saya pesan.,Makanannya selalu buruk ketika saya memesan di sini.
Mereka sangat ramah dan dihargai dengan wajar.,"Mereka sangat kasar, dan terlalu mahal."
Pilihan bagus untuk suku cadang dan aksesori dengan harga yang masuk akal.,Pilihan suku cadang yang buruk dan harga yang sangat mahal.
Makanan di sini sangat bagus dan sangat autentik.,Makanan di sini sangat buruk dan rasanya sangat tidak autentik.
"Makanan enak, harganya murah, dan suasa cantina meksiko yang autentik.","Makanan yang seburuk, harga yang buruk, tidak rekomendasi."
Tempat ini menawarkan makanan takeout yang enak dan solid.,Tempat ini menyajikan makanan yang biasa saja untuk takeout.
Ini pengalaman baru dan rasa baru setiap kali kamu pergi.,Pengalamannya selalu sama.
Saya dan keluarga atau teman sudah pergi ke sana bertahun-tahun.,Teman saya dan saya berhenti datang beberapa tahun belakang.
Mereka menambahkan beberapa barang baru ke dalam menu semenjak kunjungan saya yang terakhir.,Tidak ada batang baru yang ditambahkan dalam waktu yang lama.
Mereka mengeluaran itu ke depan kamu dan sangat membantu.,Hanya sedikit bantuan yang diterima.
Tempat yang bagus untuk bermain mainan dengan tv yang banyak dan kerumunan yang ramai.,Bukan tempat yang bagus untuk bermain permainan dengan beberapa tv dan kerumunan yang ramai.
Seluruh baju saya dikembalikan dalam keadaan yang bersih!,Seluruh baju saya dikembalikan dalam keadaan yang buruk!
Salah satu hidangan sapi muda terbaik yang pernah saya coba dengan harga yang wajar.,Salah satu hidangan daging sapi muda terburuk yang pernah saya coba dengan harga yang tidak masuk akal.
"Makanannya enak, steak bites dan hummus plate adalah menu yang harus dicoba.","Makanannya tidak enak, steak bites dan hummus plate harus dihindari."
Ini termasuk pizza terbaik yang pernah saya makan.,"Untuk urusan pizza, ini termasuk yang terburuk yang pernah saya makan."
Pelayanan dan makanan yang sangat baik.,Pelayanan yang buruk.
Sandwich-sandwich mereka benar-benar enak.,Sandwich-sandwichnya tidak enak.
Suasana yang selalu bahagia dan bersahabat.,Suasana yang selalu jelek.
Saya adalah pelanggan tetap drive-through di lokasi ini.,Saya tidak akan pernah datang lagi.
Itu sangat enak; Saya belum pernah mencoba yang seperti itu!,"Semuanya terasa tidak enak, tidak ada yang saya suka."
Pastinya sesuatu yang saya akan coba lagi!,Bukan sesuatu yang akan saya coba lagi.
California burrito juga burrito yang enak.,California burrito adalah burrito yang buruk.
Wanita yang menolong saya hari ini sangat ramah dan berilmu.,Wanita yang menolong saya marah dan gesit.
"Pelayanan yang baik,  makanan yang enak, dan nilainya sempurna.","Pelayanannya buruk, makanannya mahal, dan rasanya tidak enak."
Suka menu dan minumannya.,Menunya kecil dan kurang.
"Pei Wei memiliki harga yang wajar, pelayanan cepat, dan tempat duduk luar ruangan yang indah.","Pei Wei memiliki harga yang tidak adil, pelayanan lambat, dan tempat duduk luar ruangan yang buruk."
Itu adalah pengalam yang hebat!,Itu adalah pengalaman yang buruk!
Humornya membuat kunjungan rutin menjadi menghibur.,Humornya membuat kunjungan rutin menjadi membosankan.
Saya suka tempat ini dan akan terus kembali lagi.,Tidak suka tempat ini dan tidak akan kembali lagi.
Kami segera duduk dan setiap staff sangat ramah dan bahagia.,Kami duduk setelah waktu yang lama dan setiap staff sangat kasar dan mudah marah.
Kami pasti akan datang lagi dan merekomendasikan ke teman-teman.,Tidak akan datang kembali dengan teman-teman.
Calzone kecil mereka sebenarnya sangat besar!,Calzonenya sangat kecil.
Makanannya juga sangat bagus.,Rasa makanannya biasa saja.
Margaritanya juga enak dan churros dengan es krim juga luar biasa.,Margaritanya terasa aneh dan churros dengan es krimnya hambar.
Saya sangat merekomendasikan ahi tuna.,Ahi tuna bukan sesuatu yang akan saya rekomendasikan.
"Dia sangat sabar, baik dan pengertian.",Dia sangat tidak sabaran.
"Astaga, bahkan pizzanya enak.",Pizzanya tidak bagus.
Dimasak dengan sempurna dan sangat berbumbu.,Terlalu masak dan hambar.
Kru sangat ramah dan mengakomodasi.,Kru yang sangat jahat.
Sushi di sini enak dan saya suka salad timunnya.,Sushi dan salad yang buruk.
Jika kamu mencari tempat untuk perubahan maka tempat ini adalah tempat yang tepat!,Tempat ini tidak akan mengubahmu.
Dia memilih warna bagus yang terlihat luar biasa dengan kulit saya juga.,"Saya benci warnanya, itu tidak cocok dengan kulit saya."
Tempat yang bagus untuk menonton olahraga!,"Terlalu berisik, saya tidak akan kembali lagi."
"Tempat pizza, salad, dan pasta yang kecil dan imut di East Chandler ini sangat bagus.",Tempat pizza dan salad yang kecil ini sangat menjijikan.
Seni yang ada di lorong belakang juga sangat keren!,Seni di gang itu menyeramkan.
"Namun, sebagai penduduk asli Tucson, tempat ini membawa nostalgia melalui indra pengecap saya.","Namun, sebagai penduduk asli Tucson, tempat ini membawa rasa malu melalui indra pengecap saya."
Ayam keju parmesan terbaik yang pernah saya makan.,Ayam keju parmesan terburuk yang pernah saya makan.
Layanan pelanggan di sana bagus.,Layanan pelanggan di sana buruk.
Tempat yang menyenangkan untuk menonton game di tv dan berinteraksi dengan orang-orang.,Tempat yang berisik untuk menonton game di tv dan mencoba berinteraksi dengan orang-orang.
Makanan cina autentik yang paling enak!,Makanan cina terburuk yang tidak autentik.
Keripik dan gaucamole juga sempurna!,Keripik dan guacamole tidak begitu enak.
Tempat ini luar biasa jika kamu bisa duduk di luar ruangan.,Tempatnya tetap tidak bagus bahkan saat kamu duduk di luar ruangan.
Tempat kecil yang bagus untuk minum beberapa gelas bir setelah hari yang melelahkan.,Ini bukan tempat yang bagus untuk minum beberapa gelas bir setelah hari yang melelahkan.
Saya pastinya akan merekomendasikan tempat ini ke orang lain!,Saya pasti tidak akan merekomendasikan tempat ini ke orang lain!
Ya makanannya enak dan harganya juga sangat baik.,Makanannya tidak bagus dan harganya jauh lebih buruk.
Saya memesan rekomendasi pelayan yaitu veal carolina dan itu sangat enak!,Saya memesan rekomendasi pelayan yaitu veal caroina dan itu buruk!
Penawaran yang bagus dan staff yang sangat ramah.,Penawaran yang sangat buruk dan staff yang sangat tidak ramah.
Coba lasagna mereka dan itu adalah yang terbaik yang pernah saya makan.,Coba lasagna mereka dan itu adalah yang terburuk yang pernah saya makan.
Tempat ini berani dan menyenangkan.,Tempat ini tidak berani atau menyenangkan.
Tempat yang fantastis untuk menonton acara yang mana setiap tempat duduk adalah tempat yang bagus!,Tempat yang buruk untuk menonton acara yang mana seluruh tempat duduk sangat buruk!
Dia sangat fantastis dan saya suka apa yang dia lakukan!,Dia sangat buruk dan saya tidak suka dengan apa yang dia perbuat.
Kerumunan saat happy hour di sini kadang-kadang bisa menyenangkan.,Kerumunan saat happy hour di sini tidak pernah menyenangkan.
Sangat ramai tapi pelayanan yang sangat bagus.,Sangat ramai dan pelayanan yang sangat buruk.
Sushi terbaik untuk dibawa pulang atau makan di sini!,Sushi terburuk untuk dibawa pulang atau makan di sini!
Saya merasakan pengalaman yang bagus setiap waktu dari mulai sampai selesai.,Saya merasakan pengalaman yang buruk setiap waktu dari mulai hingga selesai.
Dia sangat teliti dan degan tulus peduli dengan pelanggannya.,Dia tidak peduli dengan pelanggannya dan bahkan tidak memperhatikan mereka.
"Ditambah dia memberikan harga yang luar biasa, bagaimana bisa kamu tidak pergi?","Harganya terlalu mahal, padahal ada tempat di sekitar yang lebih murah."
Staffnya sangat ramah dan sigap.,Staffnya buruk dan lambat.
Semuanya memiliki rasa berlemak yang memuaskan yang sangat cocok saat diminum dengan bir.,Terlalu berlemak dalam makanannya dan birnya terlalu hangat.
Saya masuk dan segera dibantu!,Saya harus menunggu satu jam untuk dilayani.
"Jika kamu duduk di bar, mereka punya bartender terbaik di kota.",Bartendernya buruk.
Saya sangat merekomendasikan toko ini.,Saya tidak menyarankan toko ini.
Staff mereka berpengetahuan luas dan informatif.,Staffnya kasar dan payah.
Itu adalah tempat yang keren karena banyak yang bisa dilihat dan dicoba.,"Tidak ada yang bisa dilihat, bukan tempat yang bagus."
"Mereka sangat bersahabat, sangat membantu, dan luar biasa gesit!","Sangat lambat dan kasar, tidak membantu sama sekali."
Saya memperbagus mobil saya di sini dan itu terlihat luar biasa.,Saya memperbagus mobil saya di sini dan itu jadi buruk.
Dokter Hall sangat baik dan lembut.,Dokter Hall tidak baik atau lembut.
Bahkan saya harus membungkusnya karena porsi yang sangat besar.,Porsinya kecil.
Semua makanannya terlihat bagus.,Makanannya terlihat biasa saja.
Menudo di sini sempurna.,Menudo dimasak dengan buruk.
Ikan mangga krispi sangat enak.,Ikan mangga krispi sangat menjijikan.
"Sekarangan makanan, minuman-minuman, dan makanan penutupnya luar biasa.","Sekarang makanan, minuman-minuman, dan makanan penutupnya sangat buruk."
Burrito carne asadanya luar biasa!,Burrito carne asadanya buruk!
Ini adalah kencan malam yang sempurna.,Ini adalah kencan malam yang terburuk.
Pilihan permainan yang bagus untuk dimainkan.,Pilihan permainan yang buruk untuk dimainkan.
Artichoke panggang yang luar biasa!,Artichoke-artichokenya buruk dan belum matang.
Adovadanya panas tapi luar biasa dan puding roti cokelatnya luar biasa.,Adovada rasanya pahit dan puding cokelat rasanya sudah lama.
Cara menyenangkan dan murah untuk menikmati hari dan bersantai.,"Sangat mahal, dan bukan tempat untuk kamu menghabiskan hari mu."
Saya menyukai itu dan pastinya akan kembali!,"Pengalaman yang sangat buruk, saya tidak akan kembali."
Diperlakukan dengan buruk di bar di tempat kami membuat reservasi di sebelah.,Pelayanan hebat di bar tempat kami membuat reservasi di sebelah.
Staff dan manajer yang sangat ramah.,Staff dan manajer yang sangat tidak ramah.
Saya suka potongan dan warna rambut saya dan warna sage luar biasa!,Saya benci potongan dan warna rambut saya dan warna sage jelek!
Umur dan ras yang sangat beragam.,Umur dan ras yang tidak beragam.
Sangat bersenang-senang dan makanan di restoran mereka sempurna!,Saya menghabiskan waktu dengan buruk dan makanan di restoran mereka buruk!
Tanpa biaya apapun - pelayanan hebat!,Dengan tambahan biaya - pelayanan buruk!
Steak mereka dan burrito salsa sangat sangat enak dan juga sangat besar.,Steak dan burrito salsa terlalu kecil dan kejunya tidak cukup.
Tacos blue corn dengan ayamnya sempurna.,Tacos blue corn dengan ayamnya tidak dimasak dengan benar.
Makanan berlimpah dan rasa yang luar biasa.,Porsi yang tidak banyak dan tidak ada rasanya.
Saya pasti akan kembali lagi untuk roaring fork!,Saya tidak akan pernah kembali ke sini.
Itu akan bersama kamu seharian.,Kamu akan melupakannya segera setelah kamu pergi.
Hummusnya sangat lembut dan lezat.,Hummusnya sangat kering dan hambar.
Tempat yang bagus untuk makan malam romantis!,Tempat yang buruk untuk makan malam romantis!
Pemiliknya mengenal kami dan melayani kami dengan sangat baik!,Pemiliknya sepertinya tidak mengingat kami dan melayani kami dengan buruk.
Saya bisa katakan dengan jujur bahwa saya sangat lega kami bisa pindah ke az.,Saya katakan dengan jujur bahwa saya sangat tidak senang kami akan pindah ke az.
Mac and cheese cabe hijau sangat menakjubkan.,Mac and cheese cabe hijaunya mengerikan.
Saya sangat merekomendasikan impact auto body.,Saya sangat merekomendasikan kamu agar jangan pergi ke impact auto body.
"Kualitas hebat, pelayanan hebat.","Kualitas buruk, pelayanan buruk."
Dan saya memesan gyro sandwich setiap saat dan itu terbaik.,Dan saya memesan gyro sandwich setiap saat dan itu terburuk.
Saya sangat merekomendasikan toko kue ini!,Saya sangat merekomendasikan jangan datang ke toko roti ini!
Suka makanan dan semangat mereka.,Benci makanan dan semangat mereka.
"Saya sangat merekomendasikan salon ini dan penata gaya yang luar biasa berbakat, angel.",Saya tidak merekomendasikan salon ini karena penatanya tidak berbakat.
Mereka menyajikan banyak pilihan untuk pecinta sushi!,Mereka tidak menyajikan banyak pilihan untuk pecinta sushi.
"Harga yang masuk akal, hasil akhir terjamin.","Harga yang tidak wajar, hasil akhirnya tidak terjamin."
Tortila-tortila buatan rumahan sangat enak!,Tortila-tortila buatan rumahan ini tidak bagus sama sekali.
Harganya terbaik dan itu layak.,"Harganya tidak bagus, dan itu tidak layak."
"Makanan yang luar biasa, pelayanan hebat.","Makanan yang payah, pelayanan lambat."
Ini adalah yang terbaik yang pernah saya coba!,Mungkin salah satu yang terburuk yang pernah saya coba.
Ini adalah salah satu tempat di Scottsdale di mana berpakaian santai diterima.,Mereka tidak ingin saya memakai apa yang membuat sayanyaman.
Saya juga suka bahwa mereka menggunakan jus jeruk yang baru saja diperas.,Jus jeruk peras segar yang tidak segar sama sekali.
Sashimi gurita adalah favorit saya!,Sashimi gurita terasa seperti kaos kaki basah.
"Ini adalah lokasi yang fantastis, terutama karena teresa m!","Ini adalah lokasi yang buruk, terutama karena teresa m."
Saya sangat puas dengan pelayanan mereka.,Saya tidak puas dengan pelayanan mereka.
Kamu mendapatkan banyak hal untuk harga segitu dan makanannya segar dan enak.,Kamu tidak mendapat banyak untuk harga segitu dan makanannya sudah lama dan buruk.
Mereka sangat segar dan enak.,Mereka tidak segar atau bagus.
Saladnya segar dan krispi.,Saladnya sudah lama dan layu.